rate,blocking_level,freq_blocking_1,freq_blocking_2,ber,per(%)
DH1,-3,615,NA,100,100
DH1,-3,820,NA,0.0,91.39623
DH1,-3,1230,NA,100,100
DH1,-3,1844,NA,3.381643,96.31447
DH1,-20,2388,NA,0.0,97.94969
DH1,-20,2508,NA,6.635802,20.77027
DH1,-20,2532,NA,0.454321,9.022908
DH1,-3,3074,NA,100,100
DH1,-3,3688,NA,100,100
DH1,-3,4917,NA,100,100
DH1,-3,4919,NA,100,100
DH1,-3,NA,615,2.070271,19.69811
DH1,-3,NA,1230,100,100
