rate,blocking_level,freq_blocking_1,freq_blocking_2,ber,per(%)
DH1,-5,615,NA,100,100
DH1,-5,820,NA,0.6006173,3.826311
DH1,-5,1230,NA,100,100
DH1,-5,1844,NA,0.0,98.11321
DH1,-22,2388,NA,6.741898,27.74843
DH1,-22,2508,NA,0.3092593,6.818182
DH1,-22,2532,NA,9.259259,8.062893
DH1,-5,3688,NA,100,100
DH1,-5,NA,1230,100,100
