rate,blocking_level,freq_blocking_1,freq_blocking_2,per(%)
LE1M,-10,610,NA,100.0
LE1M,-10,1220,NA,100.0
LE1M,-10,2640,NA,71.66667
LE2M,-10,610,NA,100.0
LE2M,-10,1220,NA,100.0
LE2M,-10,2345,NA,96.73333
LE2M,-10,2393,NA,100.0
LE2M,-10,2487,NA,100.0
LE2M,-10,2535,NA,100.0
LE2M,-10,2583,NA,100.0
